{"a": 0.0846402860096712, "b": 0.018296526718835086, "c": 0.0437750575370124, "d": 0.03238955368790574, "e": 0.10772176322650225, "f": 0.011227836840112776, "g": 0.023643469967582403, "h": 0.026430828106619526, "i": 0.08956630698939853, "j": 0.001561218150763426, "k": 0.007672746241673479, "l": 0.05577434674781033, "m": 0.030104955866114096, "n": 0.0719479487121524, "o": 0.07199344608861344, "p": 0.03252432893515823, "q": 0.0016834029290581443, "r": 0.07043308637891531, "s": 0.0716180211960545, "t": 0.06606991659100463, "u": 0.03762718877433788, "v": 0.009464312744959735, "w": 0.006411696316744151, "x": 0.0030025406994062735, "y": 0.02019654294337122, "z": 0.004222671600222851}