{"a": 0.07867641408985632, "b": 0.015620026124850441, "c": 0.04179427229119329, "d": 0.024072183620377382, "e": 0.1631925006311676, "f": 0.014006432421158933, "g": 0.017195200930835007, "h": 0.012167813745183918, "i": 0.08815490499555438, "j": 0.0023709948299140515, "k": 0.0011470785172500852, "l": 0.04318284102260129, "m": 0.0309875852076267, "n": 0.07514187550081777, "o": 0.05918705612452114, "p": 0.02891845314541004, "q": 0.006240326670398788, "r": 0.0877597391905687, "s": 0.06849540619751704, "t": 0.07358865435066575, "u": 0.044983040800869366, "v": 0.013896664141996246, "w": 0.00039516580498567523, "x": 0.004346823854842427, "y": 0.0034302587238339865, "z": 0.0010482870660036663}