{"a": {"english": 0.0846402860096712, "french": 0.07762002462043496}, "b": {"english": 0.018296526718835086, "french": 0.014717548898919436}, "c": {"english": 0.0437750575370124, "french": 0.04102311585282451}, "d": {"english": 0.03238955368790574, "french": 0.023652031185884284}, "e": {"english": 0.10772176322650225, "french": 0.16231979209410477}, "f": {"english": 0.011227836840112776, "french": 0.013617836137327316}, "g": {"english": 0.023643469967582403, "french": 0.01680755026672138}, "h": {"english": 0.026430828106619526, "french": 0.011845164820134044}, "i": {"english": 0.08956630698939853, "french": 0.0877144029544522}, "j": {"english": 0.001561218150763426, "french": 0.0021392422377239776}, "k": {"english": 0.007672746241673479, "french": 0.0009902886062098208}, "l": {"english": 0.05577434674781033, "french": 0.0425824100670223}, "m": {"english": 0.030104955866114096, "french": 0.03022842292436055}, "n": {"english": 0.0719479487121524, "french": 0.07457256189303789}, "o": {"english": 0.07199344608861344, "french": 0.058848310764601286}, "p": {"english": 0.03252432893515823, "french": 0.0283900971139379}, "q": {"english": 0.0016834029290581443, "french": 0.006198878402407331}, "r": {"english": 0.07043308637891531, "french": 0.08712351251538777}, "s": {"english": 0.0716180211960545, "french": 0.0676624264806456}, "t": {"english": 0.06606991659100463, "french": 0.07304062371768567}, "u": {"english": 0.03762718877433788, "french": 0.04477636438243742}, "v": {"english": 0.009464312744959735, "french": 0.013606893721789085}, "w": {"english": 0.006411696316744151, "french": 0.00027903159622486663}, "x": {"english": 0.0030025406994062735, "french": 0.004322254137600875}, "y": {"english": 0.02019654294337122, "french": 0.0033538503624675146}, "z": {"english": 0.004222671600222851, "french": 0.0010067022295171659}}