{"a": {"english": 0.06447425356988316, "french": 0.06290216035035354}, "b": {"english": 0.012386412808308092, "french": 0.009297090989161549}, "c": {"english": 0.018768931198615318, "french": 0.03121865290044773}, "d": {"english": 0.03737559498052791, "french": 0.026423311232353877}, "e": {"english": 0.09865858935525747, "french": 0.11388936461722898}, "f": {"english": 0.014063176114236261, "french": 0.010593790521860397}, "g": {"english": 0.015199048031155344, "french": 0.01147456756293886}, "h": {"english": 0.053710514928602335, "french": 0.009150294815648472}, "i": {"english": 0.04759844223279965, "french": 0.0615075967019793}, "j": {"english": 0.0007031588057118131, "french": 0.002128544515939618}, "k": {"english": 0.0074643011683254, "french": 0.00019572823135076945}, "l": {"english": 0.029154045867589788, "french": 0.04063807403420351}, "m": {"english": 0.018444396365209864, "french": 0.03665011132043158}, "n": {"english": 0.05176330592816963, "french": 0.05174565116335968}, "o": {"english": 0.060471657291215924, "french": 0.04347613338878967}, "p": {"english": 0.013522284725227174, "french": 0.02184816382452964}, "q": {"english": 0.0007031588057118131, "french": 0.0064100995767377}, "r": {"english": 0.038727823453050626, "french": 0.05463264257578353}, "s": {"english": 0.042568152315015144, "french": 0.050791476035524676}, "t": {"english": 0.07799653829511034, "french": 0.05245516600200621}, "u": {"english": 0.02325832972739074, "french": 0.05299341863822083}, "v": {"english": 0.007518390307226309, "french": 0.014899811611577324}, "w": {"english": 0.021311120726958028, "french": 2.4466028918846182e-05}, "x": {"english": 0.001784941583729987, "french": 0.0012966995326988476}, "y": {"english": 0.01579402855906534, "french": 0.0009052430699973088}, "z": {"english": 0.0007572479446127218, "french": 0.0002446602891884618}}