{"a": {"english": 0.08464011647305045, "french": 0.07761747665238729}, "b": {"english": 0.018296490070432086, "french": 0.014717065778171692}, "c": {"english": 0.043774969854471636, "french": 0.04102176922108972}, "d": {"english": 0.03238948881081542, "french": 0.023651254780310865}, "e": {"english": 0.10772154745710236, "french": 0.1623144637571739}, "f": {"english": 0.011227814350473314, "french": 0.013617389115936558}, "g": {"english": 0.023643422609117656, "french": 0.01680699853923548}, "h": {"english": 0.02643077516500635, "french": 0.011844775988751567}, "i": {"english": 0.08956612758583392, "french": 0.08771152362663516}, "j": {"english": 0.0015612150236042205, "french": 0.002139172014596703}, "k": {"english": 0.007672730872969862, "french": 0.0009902560988286528}, "l": {"english": 0.05577423503039161, "french": 0.04258101224963207}, "m": {"english": 0.03010489556513065, "french": 0.03022743064104037}, "n": {"english": 0.07194780459860235, "french": 0.07457011396151679}, "o": {"english": 0.071993301883931, "french": 0.05884637900000547}, "p": {"english": 0.0325242637881097, "french": 0.02838916517581149}, "q": {"english": 0.0016833995571597562, "french": 0.006198674916977147}, "r": {"english": 0.07043294529967259, "french": 0.08712065258424016}, "s": {"english": 0.07161787774335754, "french": 0.06766020538239752}, "t": {"english": 0.06606978425130068, "french": 0.07303822607382605}, "u": {"english": 0.037627113406132805, "french": 0.04477489454593202}, "v": {"english": 0.009464293787703372, "french": 0.01360644705959591}, "w": {"english": 0.006411683473955237, "french": 0.0002790224366865265}, "x": {"english": 0.003002534685241768, "french": 0.004322112254555999}, "y": {"english": 0.020196502489187956, "french": 0.003353740268408642}, "z": {"english": 0.004222663142105477, "french": 0.001006669183339625}}