{
    "a": {
        "english": 0.08464040261949905,
        "french": 0.07762294768055761
    },
    "b": {
        "english": 0.018296776216880695,
        "french": 0.014722536806342015
    },
    "c": {
        "english": 0.04377525600092025,
        "french": 0.04102724024926004
    },
    "d": {
        "english": 0.03238977495726403,
        "french": 0.023656725808481188
    },
    "e": {
        "english": 0.10772183360355096,
        "french": 0.1623199347853442
    },
    "f": {
        "english": 0.011228100496921923,
        "french": 0.013622860144106881
    },
    "g": {
        "english": 0.023643708755566265,
        "french": 0.016812469567405803
    },
    "h": {
        "english": 0.026431061311454958,
        "french": 0.01185024701692189
    },
    "i": {
        "english": 0.08956641373228252,
        "french": 0.08771699465480548
    },
    "j": {
        "english": 0.0015615011700528285,
        "french": 0.0021446430427670272
    },
    "k": {
        "english": 0.00767301701941847,
        "french": 0.000995727126998977
    },
    "l": {
        "english": 0.055774521176840224,
        "french": 0.0425864832778024
    },
    "m": {
        "english": 0.03010518171157926,
        "french": 0.030232901669210693
    },
    "n": {
        "english": 0.07194809074505096,
        "french": 0.07457558498968711
    },
    "o": {
        "english": 0.0719935880303796,
        "french": 0.05885185002817579
    },
    "p": {
        "english": 0.032524549934558306,
        "french": 0.028394636203981815
    },
    "q": {
        "english": 0.001683685703608364,
        "french": 0.006204145945147472
    },
    "r": {
        "english": 0.0704332314461212,
        "french": 0.08712612361241048
    },
    "s": {
        "english": 0.07161816388980614,
        "french": 0.06766567641056784
    },
    "t": {
        "english": 0.06607007039774929,
        "french": 0.07304369710199637
    },
    "u": {
        "english": 0.03762739955258141,
        "french": 0.04478036557410234
    },
    "v": {
        "english": 0.009464579934151979,
        "french": 0.013611918087766234
    },
    "w": {
        "english": 0.006411969620403845,
        "french": 0.0002844934648568505
    },
    "x": {
        "english": 0.0030028208316903757,
        "french": 0.004327583282726323
    },
    "y": {
        "english": 0.020196788635636564,
        "french": 0.003359211296578966
    },
    "z": {
        "english": 0.004222949288554084,
        "french": 0.001012140211509949
    }
}